<?xml version="1.0" encoding="UTF-8"?>
<project-private xmlns="http://www.netbeans.org/ns/project-private/1">
    <editor-bookmarks xmlns="http://www.netbeans.org/ns/editor-bookmarks/2" lastBookmarkId="0"/>
    <open-files xmlns="http://www.netbeans.org/ns/projectui-open-files/2">
        <group>
            <file>file:/Users/ninhthelam/Downloads/XYZDriverAssociation-master-2%202/XYZDriverAssociation-2/web/user/outstandingbalance.jsp</file>
            <file>file:/Users/ninhthelam/Downloads/XYZDriverAssociation-master-2%202/XYZDriverAssociation-2/src/java/com/memberRegister.java</file>
            <file>file:/Users/ninhthelam/Downloads/XYZDriverAssociation-master-2%202/XYZDriverAssociation-2/web/user/payments.jsp</file>
            <file>file:/Users/ninhthelam/Downloads/XYZDriverAssociation-master-2%202/XYZDriverAssociation-2/src/java/com/memberValidate.java</file>
            <file>file:/Users/ninhthelam/Downloads/XYZDriverAssociation-master-2%202/XYZDriverAssociation-2/web/user/claims.jsp</file>
            <file>file:/Users/ninhthelam/Downloads/XYZDriverAssociation-master-2%202/XYZDriverAssociation-2/src/java/com/memberUpdate.java</file>
            <file>file:/Users/ninhthelam/Downloads/XYZDriverAssociation-master-2%202/XYZDriverAssociation-2/web/register.jsp</file>
            <file>file:/Users/ninhthelam/Downloads/XYZDriverAssociation-master-2%202/XYZDriverAssociation-2/web/user/userdashboard.jsp</file>
            <file>file:/Users/ninhthelam/Downloads/XYZDriverAssociation-master-2%202/XYZDriverAssociation-2/src/java/com/adminValidate.java</file>
            <file>file:/Users/ninhthelam/Downloads/XYZDriverAssociation-master-2%202/XYZDriverAssociation-2/web/adminCreate.jsp</file>
            <file>file:/Users/ninhthelam/Downloads/XYZDriverAssociation-master-2%202/XYZDriverAssociation-2/web/user/listclaimsandpayment.jsp</file>
            <file>file:/Users/ninhthelam/Downloads/XYZDriverAssociation-master-2%202/XYZDriverAssociation-2/web/user/userprofile.jsp</file>
        </group>
    </open-files>
</project-private>
