<?xml version="1.0" encoding="UTF-8"?>
<project-private xmlns="http://www.netbeans.org/ns/project-private/1">
    <editor-bookmarks xmlns="http://www.netbeans.org/ns/editor-bookmarks/2" lastBookmarkId="0"/>
    <open-files xmlns="http://www.netbeans.org/ns/projectui-open-files/2">
        <group>
            <file>file:/Users/ninhthelam/NetBeansProjects/XYZDriverAssociation/web/userdashboard.jsp</file>
            <file>file:/Users/ninhthelam/NetBeansProjects/XYZDriverAssociation/web/claims.jsp</file>
            <file>file:/Users/ninhthelam/NetBeansProjects/XYZDriverAssociation/web/outstandingbalance.jsp</file>
            <file>file:/Users/ninhthelam/NetBeansProjects/XYZDriverAssociation/src/java/model/User.java</file>
            <file>file:/Users/ninhthelam/NetBeansProjects/XYZDriverAssociation/src/java/controller/AccountController.java</file>
            <file>file:/Users/ninhthelam/NetBeansProjects/XYZDriverAssociation/src/java/dao/UserDAOImpl.java</file>
            <file>file:/Users/ninhthelam/NetBeansProjects/XYZDriverAssociation/src/java/model/Claim.java</file>
        </group>
    </open-files>
</project-private>
